{
    "loss": 0.9923768639564514,
    "accuracy": 0.8221476674079895
}