{
    "loss": 4.818382263183594,
    "accuracy": 0.7114093899726868
}